Rygor,SMN,07/11/2025,13:38:07,Attohwa_Chasm,Tiamat
Fmtwo,WHM,07/11/2025,13:38:07,Attohwa_Chasm,Tiamat
Daveman,WHM,07/11/2025,13:38:07,Attohwa_Chasm,Tiamat
Pocky,THF,07/11/2025,13:38:07,Attohwa_Chasm,Tiamat
Crescentfresh,BRD,07/11/2025,13:38:07,Attohwa_Chasm,Tiamat
Veyron,PLD,07/11/2025,13:38:07,Attohwa_Chasm,Tiamat
Nam,BLM,07/11/2025,13:38:07,Attohwa_Chasm,Tiamat
Kyra,BRD,07/11/2025,13:38:07,Attohwa_Chasm,Tiamat
Vear,PLD,07/11/2025,13:38:07,Attohwa_Chasm,Tiamat
Prongles,WHM,07/11/2025,13:38:07,Attohwa_Chasm,Tiamat
Sebasthegalka,MNK,07/11/2025,13:38:07,Attohwa_Chasm,Tiamat
Ayr,THF,07/11/2025,13:38:07,Attohwa_Chasm,Tiamat
Jahy,SMN,07/11/2025,13:38:07,Attohwa_Chasm,Tiamat
Sonomaa,RDM,07/11/2025,13:38:07,Attohwa_Chasm,Tiamat
Skye,BRD,07/11/2025,13:38:07,Attohwa_Chasm,Tiamat
Schmoe,BLM,07/11/2025,13:38:07,Attohwa_Chasm,Tiamat
Saki,NONE,07/11/2025,13:38:07,Attohwa_Chasm,Tiamat
Thoranir,BRD,07/11/2025,13:38:07,Attohwa_Chasm,Tiamat
Kwickfox,BRD,07/11/2025,13:38:07,Attohwa_Chasm,Tiamat
Notix,RNG,07/11/2025,13:38:07,Attohwa_Chasm,Tiamat
Feter,PLD,07/11/2025,13:38:07,Attohwa_Chasm,Tiamat
Esquire,BLM,07/11/2025,13:38:07,Attohwa_Chasm,Tiamat
Binggus,SMN,07/11/2025,13:38:07,Attohwa_Chasm,Tiamat
Nils,WAR,07/11/2025,13:38:07,Attohwa_Chasm,Tiamat
Lockon,THF,07/11/2025,13:38:07,Attohwa_Chasm,Tiamat
Dooter,BLM,07/11/2025,13:38:07,Attohwa_Chasm,Tiamat
Heartbreaker,BLM,07/11/2025,13:38:07,Attohwa_Chasm,Tiamat
Clynt,PLD,07/11/2025,13:38:07,Attohwa_Chasm,Tiamat
Loco,WHM,07/11/2025,13:38:07,Attohwa_Chasm,Tiamat
Rorry,RDM,07/11/2025,13:38:07,Attohwa_Chasm,Tiamat
