Rygor,SMN,07/11/2025,19:37:50,Attohwa_Chasm,Tiamat
Vear,PLD,07/11/2025,19:37:50,Attohwa_Chasm,Tiamat
Daveman,WHM,07/11/2025,19:37:50,Attohwa_Chasm,Tiamat
Crescentfresh,WHM,07/11/2025,19:37:50,Attohwa_Chasm,Tiamat
Kyra,BRD,07/11/2025,19:37:50,Attohwa_Chasm,Tiamat
Kwech,THF,07/11/2025,19:37:50,Attohwa_Chasm,Tiamat
Jahy,SMN,07/11/2025,19:37:50,Attohwa_Chasm,Tiamat
Chino,NONE,07/11/2025,19:37:50,Attohwa_Chasm,Tiamat
Xiton,BLM,07/11/2025,19:37:50,Attohwa_Chasm,Tiamat
Thoranir,BRD,07/11/2025,19:37:50,Attohwa_Chasm,Tiamat
Kwickfox,BRD,07/11/2025,19:37:50,Attohwa_Chasm,Tiamat
Murfbones,PLD,07/11/2025,19:37:50,Attohwa_Chasm,Tiamat
Sonomaa,RDM,07/11/2025,19:37:50,Attohwa_Chasm,Tiamat
Saki,NONE,07/11/2025,19:37:50,Attohwa_Chasm,Tiamat
Nils,SMN,07/11/2025,19:37:50,Attohwa_Chasm,Tiamat
Cannon,SMN,07/11/2025,19:37:50,Attohwa_Chasm,Tiamat
Natte,SMN,07/11/2025,19:37:50,Attohwa_Chasm,Tiamat
Kersed,RDM,07/11/2025,19:37:50,Attohwa_Chasm,Tiamat
Neistar,SMN,07/11/2025,19:37:50,Attohwa_Chasm,Tiamat
Clynt,PLD,07/11/2025,19:37:50,Attohwa_Chasm,Tiamat
Prongles,WHM,07/11/2025,19:37:50,Attohwa_Chasm,Tiamat
Lockon,THF,07/11/2025,19:37:50,Attohwa_Chasm,Tiamat
Rorry,SMN,07/11/2025,19:37:50,Attohwa_Chasm,Tiamat
Gordge,BRD,07/11/2025,19:37:50,Attohwa_Chasm,Tiamat
Pocky,THF,07/11/2025,19:37:50,Attohwa_Chasm,Tiamat
Veyron,PLD,07/11/2025,19:37:50,Attohwa_Chasm,Tiamat
